<?xml version="1.0" encoding="utf-8"?>
<Piecemaker>
  <Contents>
    <Image Source="style/images/art/slider-1.jpg" Title="Image 1"></Image>
    <Image Source="style/images/art/slider-2.jpg" Title="Image 2">
      <Text>&lt;h1&gt;Curabitur bibendum neque&lt;/h1&gt;&lt;p&gt;Vestibulum semper eleifend metus, sed sollicitudin diam sollicitudin sit amet. Vivamus placerat diam sit amet leo vehicula imperdiet. Donec pellentesque sagittis dolor non lobortis.&lt;/p&gt;</Text>
      <Hyperlink URL="#" Target="_blank" />
    </Image>
    <Image Source="style/images/art/slider-3.jpg" Title="Image 3"></Image>
    <Image Source="style/images/art/slider-4.jpg" Title="Image 4">
      <Text>&lt;h1&gt;Mauris imperdiet, lacus&lt;/h1&gt;&lt;p&gt;Proin ac dictum tortor. Nunc vel enim erat. Suspendisse sagittis gravida augue, vitae pellentesque nibh auctor a. In id libero sem, nec semper est. Nulla volutpat metus ullamcorper augue ultrices ut laoreet nibh dictum. Nam feugiat rhoncus vulputate. Vestibulum facilisis facilisis egestas. In non ipsum tellus. &lt;/p&gt;</Text>
      <Hyperlink URL="#" Target="_blank" />
    </Image>
  </Contents>
  <Settings 
  ImageWidth="960" 
  ImageHeight="360" 
  LoaderColor="0x333333" 
  InnerSideColor="0x222222" 
  SideShadowAlpha="0.8" 
  DropShadowAlpha="0.7" 
  DropShadowDistance="25" 
  DropShadowScale="0.90" 
  DropShadowBlurX="40" 
  DropShadowBlurY="4" 
  MenuDistanceX="25" 
  MenuDistanceY="50" 
  MenuColor1="0x999999" 
  MenuColor2="0x333333" 
  MenuColor3="0xFFFFFF" 
  ControlSize="70" 
  ControlDistance="20" 
  ControlColor1="0x222222" 
  ControlColor2="0xFFFFFF" 
  ControlAlpha="0.8" 
  ControlAlphaOver="0.95" 
  ControlsX="480" 
  ControlsY="300&#xD;&#xA;" 
  ControlsAlign="center" 
  TooltipHeight="30" 
  TooltipColor="0x222222" 
  TooltipTextY="5" 
  TooltipTextStyle="P-Italic" 
  TooltipTextColor="0xFFFFFF" 
  TooltipMarginLeft="5" 
  TooltipMarginRight="5" 
  TooltipTextSharpness="50" 
  TooltipTextThickness="-100" 
  InfoWidth="400" 
  InfoBackground="0xFFFFFF" 
  InfoBackgroundAlpha="0.95" 
  InfoMargin="15" 
  InfoSharpness="0" 
  InfoThickness="0" 
  Autoplay="10" 
  FieldOfView="45">
  </Settings>
  <Transitions>
    <Transition Pieces="9" Time="1.2" Transition="easeInOutBack" Delay="0.1" DepthOffset="300" CubeDistance="10"></Transition>
    <Transition Pieces="15" Time="3" Transition="easeInOutElastic" Delay="0.03" DepthOffset="200" CubeDistance="10"></Transition>
    <Transition Pieces="12" Time="1.4" Transition="easeInOutElastic" Delay="0.02" DepthOffset="400" CubeDistance="5"></Transition>
  </Transitions>
</Piecemaker>